﻿{"cameraMode":{"drawMode":0,"name":"Shaded","section":"Shading Mode"},"sceneLighting":false,"audioPlay":false,"sceneViewState":{"showFog":true,"showMaterialUpdate":false,"showSkybox":true,"showFlares":true,"showImageEffects":true,"showParticleSystems":true},"in2DMode":false,"pivot":{"x":0.4729888439178467,"y":0.1599999964237213,"z":-0.8250899314880371},"rotation":{"x":-0.03427170589566231,"y":0.9557182788848877,"z":-0.26482149958610537,"w":-0.12368367612361908},"size":1.592865228652954,"orthographic":false}