﻿{"cameraMode":{"drawMode":0,"name":"Shaded","section":"Shading Mode"},"sceneLighting":true,"audioPlay":false,"sceneViewState":{"showFog":true,"showMaterialUpdate":false,"showSkybox":true,"showFlares":true,"showImageEffects":true,"showParticleSystems":true},"in2DMode":false,"pivot":{"x":45.83855438232422,"y":2.0548858642578127,"z":-0.8327832221984863},"rotation":{"x":0.24249571561813355,"y":0.7037418484687805,"z":-0.28189989924430849,"w":0.6053724884986877},"size":78.0085678100586,"orthographic":false}