﻿{"cameraMode":{"drawMode":0,"name":"Shaded","section":"Shading Mode"},"sceneLighting":false,"audioPlay":false,"sceneViewState":{"showFog":true,"showMaterialUpdate":false,"showSkybox":true,"showFlares":true,"showImageEffects":true,"showParticleSystems":true},"in2DMode":false,"pivot":{"x":0.47693777084350588,"y":-1.006972312927246,"z":-1.0684237480163575},"rotation":{"x":-0.03427170589566231,"y":0.9557182788848877,"z":-0.26482149958610537,"w":-0.12368367612361908},"size":5.5537800788879398,"orthographic":false}